YearMonth,Last Updated,Business Segment,Company,Responsible Person,Risk
2002,01.07.2020,Startup,Flipbug,Shoshanna Dickins,High
2005,08.04.2020,Mid size,Viva,Mellisa Barth,Medium
2000,29.06.2020,Corporate,Thoughtbeat,Brit Jindrich,High
1996,13.05.2020,Startup,Twiyo,Marilin MacAlpyne,Low
2002,21.05.2020,Startup,Skipstorm,Karalee Sheards,Low
2004,16.10.2020,Corporate,Kaymbo,Allison Evett,High
1998,10.07.2020,Mid size,Yodo,Pattie Orniz,High
1989,07.04.2020,Corporate,Feednation,Tyne Geerits,Low
2005,15.04.2020,Mid size,Agivu,Grantham Antushev,High
2007,18.06.2020,Corporate,Jaxworks,Marisa Fitchet,Medium
2008,18.06.2020,Mid size,Ntags,Sheilakathryn Dainton,Medium
2011,03.09.2020,Corporate,Livefish,Gerek Saltwell,High
1994,02.04.2020,Startup,Yata,Annadiane Pascho,Medium
1993,13.09.2020,Corporate,Mydeo,Les Bucknill,High
2004,30.03.2020,Startup,Mynte,Rabi Ost,Low
1996,08.06.2020,Startup,Skidoo,Julita Spurret,Low
1990,12.08.2020,Corporate,Youspan,Gian Read,Low
2004,28.03.2020,Startup,Photobean,Alberta Simenot,High
1999,08.08.2020,Mid size,Youbridge,Sancho Haskur,High
2010,29.07.2020,Mid size,Realbuzz,Mayer Baine,Low
2007,12.04.2020,Startup,Jaxnation,Selma Jaffra,Medium
2006,10.10.2020,Corporate,Dabshots,Zola Heggie,Medium
2008,24.07.2020,Mid size,Linklinks,Edee Braidford,High
1994,04.11.2020,Corporate,Dabshots,Wiatt Bielby,High
1998,20.05.2020,Startup,Fivespan,Alexandr Topaz,High
2009,12.11.2020,Corporate,Skivee,Cortney Gravie,High
2003,18.05.2020,Corporate,Yabox,Hermann Bonar,Low
1990,23.05.2020,Corporate,Zooveo,Ram Fitzroy,Low
1995,05.06.2020,Corporate,Einti,Galven Devita,High
2010,01.05.2020,Startup,Dabtype,Delphinia Dibbin,Low
1989,09.11.2020,Mid size,Yodel,Constantine Dunbar,Medium
1990,10.04.2020,Startup,Eidel,Lola Treagus,Medium
1995,03.04.2020,Startup,Jatri,Michelle Johananov,Low
2005,16.10.2020,Mid size,Jazzy,Yulma Muscroft,Low
1999,26.07.2020,Corporate,Photojam,Guthrie Jurczak,Medium
2012,14.10.2020,Mid size,Avavee,Kirby Pestell,Medium
2001,29.03.2020,Startup,Nlounge,Judie Sterre,Low
2001,12.08.2020,Corporate,Fivespan,Retha Revington,High
1992,18.04.2020,Startup,Dablist,Andie Springthorpe,Low
2006,02.04.2020,Corporate,Oyonder,Sheridan Morgen,High
1993,02.09.2020,Corporate,Pixope,Normie Lanphier,Medium
2007,18.06.2020,Corporate,Blogtag,Trey Gratten,Medium
2010,02.04.2020,Mid size,Photobug,Brett Beades,High
2004,30.05.2020,Mid size,Skajo,Blaine Elfleet,Medium
1970,03.03.2020,Corporate,Realcube,Camile Rown,High
2002,30.11.2020,Corporate,Shufflester,Rustie Shoreson,High
2003,16.08.2020,Mid size,Twinte,Onfroi Eckly,High
2013,22.10.2020,Startup,Skalith,Britney Crenshaw,Low
1983,28.10.2020,Mid size,Browsezoom,Sibyl McCrossan,Low
2012,06.10.2020,Startup,Livetube,Shaughn Canedo,High
2009,01.06.2020,Mid size,Eadel,Alena Michie,Low
2003,06.08.2020,Startup,Youfeed,Drusilla Lafrentz,High
2002,23.04.2020,Corporate,Topdrive,Zsa zsa Kryszkiecicz,Medium
1994,24.07.2020,Startup,Voonix,Eunice Diter,Medium
2006,05.10.2020,Mid size,Abata,Arlee Walley,Low
1989,22.04.2020,Startup,Agivu,Galvin Gibard,Medium
2008,12.04.2020,Corporate,Skyba,Maurie Ladbury,Medium
2008,21.05.2020,Startup,Eayo,Leslie Exeter,Medium
2006,14.08.2020,Startup,Twinte,Rickey Mackley,Low
2006,18.07.2020,Mid size,Bluezoom,Korey Durand,Low
2006,20.09.2020,Corporate,Jayo,Vassili Nowaczyk,Low
1995,27.04.2020,Startup,Blogpad,Dianemarie Rudolf,Low
1987,05.05.2020,Mid size,Quimba,Arnold Husselbee,Medium
2012,24.06.2020,Corporate,Yata,Sergio Endicott,High
1994,15.11.2020,Corporate,Rhycero,Priscella Billitteri,Low
2012,03.06.2020,Mid size,Ozu,Sandor Ousby,Medium
2000,12.03.2020,Mid size,Snaptags,Jecho Borsay,High
1985,28.06.2020,Startup,Thoughtworks,Pierette Mapledorum,High
2007,25.11.2020,Startup,Jazzy,Kaylil Badrick,Medium
2013,09.06.2020,Corporate,Shuffledrive,Florence Fairney,Low
2010,14.09.2020,Startup,Divape,Renata O'Glassane,High
2002,12.07.2020,Mid size,Mita,Enriqueta Hendrik,Low
2012,15.06.2020,Corporate,Browseblab,Justen Candelin,High
2003,28.07.2020,Corporate,Photobug,Virgie Veazey,High
2003,11.06.2020,Mid size,Blogtags,Eugenie Hazelgreave,High
2008,20.05.2020,Corporate,Digitube,Kit Pays,Low
1991,27.09.2020,Startup,Meemm,Paulo Setch,Low
1992,05.10.2020,Startup,Yozio,Waldemar Carthy,Low
2001,03.08.2020,Corporate,Fivechat,Vanya Olivie,High
1994,04.11.2020,Corporate,Yodel,Juan Vaney,Low
2009,16.04.2020,Corporate,Trilith,Heida Duggan,High
2004,23.10.2020,Startup,Flipbug,Burnard Kendred,Medium
2008,22.10.2020,Corporate,Midel,Babbie Ludgate,High
2005,21.03.2020,Mid size,Aibox,Lanae Downton,Medium
2004,25.10.2020,Startup,Centimia,Shir Caile,Low
1993,08.05.2020,Startup,Meedoo,Waldemar Paynes,Medium
2003,19.08.2020,Startup,Reallinks,Edmund Muldoon,Low
1991,11.09.2020,Mid size,Voonte,Bancroft Jopling,High
2005,20.09.2020,Mid size,Abatz,Dugald Binding,High
2006,10.11.2020,Startup,Babbleblab,Andreana Colyer,High
2009,15.04.2020,Startup,Chatterpoint,Bathsheba Diwell,High
2010,06.05.2020,Corporate,Oodoo,Baxter Sokell,Medium
1998,06.06.2020,Corporate,BlogXS,Pooh Phayre,High
1988,06.05.2020,Corporate,Fadeo,Adolphe Cadogan,Medium
2002,16.07.2020,Startup,Oozz,Cherey Breydin,Medium
2005,17.07.2020,Corporate,Mydeo,Aharon Ipsly,Medium
2009,26.08.2020,Startup,Photobug,Marchall McEachern,Low
1992,11.09.2020,Mid size,Buzzdog,Stace Wooler,Low
2011,20.09.2020,Corporate,Talane,Steffane Moughton,Low
2002,13.11.2020,Startup,Dabjam,Paton Lamburn,Low
2004,29.11.2020,Corporate,Kwinu,Engelbert Worden,High
1994,19.05.2020,Startup,DabZ,Melodie Matejovsky,Low
2001,07.05.2020,Corporate,Blognation,Kenyon Totaro,High
1996,25.06.2020,Mid size,Janyx,Garv Beake,High
2002,30.06.2020,Corporate,Twitterbeat,Janis Dommersen,Medium
2000,26.10.2020,Startup,Podcat,Lorenzo Bisco,Low
2003,20.08.2020,Corporate,Quamba,Mal Keitch,Low
2011,25.04.2020,Corporate,Pixonyx,Franky McGibbon,High
2008,31.03.2020,Corporate,Buzzdog,Quintana Ramelot,High
1990,09.05.2020,Startup,Plajo,Valentina Avrasin,Medium
2012,09.06.2020,Mid size,Brightbean,Jacky Redler,Medium
1997,24.10.2020,Mid size,Tagchat,Clarke Bonett,High
1986,23.11.2020,Startup,Feednation,Niki Bartczak,High
2007,08.05.2020,Startup,Dazzlesphere,Raven Ladson,Low
1990,24.06.2020,Startup,Buzzdog,Efren Jancar,Medium
2010,22.05.2020,Corporate,Npath,Aurelia De Carteret,Medium
2009,26.05.2020,Corporate,Chatterpoint,Jakie Arrowsmith,Low
2004,19.11.2020,Startup,Jatri,Ethelda Tschierasche,Low
1991,06.06.2020,Startup,Photolist,Lindon Claessens,High
2002,08.04.2020,Mid size,Demizz,Pearle Nuschke,High
2009,21.10.2020,Mid size,Jaxworks,Horatia Tommasetti,High
1995,11.11.2020,Startup,Skimia,Elicia Bowdrey,High
2003,27.04.2020,Mid size,Photojam,Rodina Ende,Low
2005,09.03.2020,Startup,Chatterpoint,Shell Shury,High
2001,19.10.2020,Corporate,Dabshots,Marlo Ensor,Medium
1997,21.06.2020,Corporate,Digitube,Augusto Angrove,Medium
2006,03.03.2020,Corporate,Jaxspan,Stephanus Rapp,High
1999,04.04.2020,Startup,Tagfeed,Julian Peartree,High
1991,10.06.2020,Corporate,Divape,Shelden Stannah,High
1996,15.10.2020,Mid size,Dabtype,Wendall Ruusa,High
1999,22.03.2020,Corporate,Jayo,Evita Sibson,Medium
2010,20.05.2020,Startup,Zoomdog,Atalanta Lenox,High
1992,25.04.2020,Corporate,Aivee,Christyna Giacobbo,High
1993,06.10.2020,Mid size,Nlounge,Gery Bonny,Medium
2000,20.10.2020,Corporate,Jabbersphere,Hyacinthia Melton,Low
1995,21.06.2020,Corporate,Skyvu,Eunice Strelitz,High
2000,29.11.2020,Mid size,Skinix,Nigel Braidford,Low
2011,26.11.2020,Mid size,Ailane,Alisander Christophe,Medium
2007,18.03.2020,Mid size,Yodo,Ewen Gulleford,High
2002,19.06.2020,Mid size,Quamba,Hobart Mussared,Low
1984,22.07.2020,Startup,Quire,Wendye Liffe,Medium
2007,06.09.2020,Startup,Linklinks,Ted Licas,Low
1994,08.10.2020,Corporate,Livepath,Lennie Fuster,Low
2011,22.09.2020,Corporate,Zoozzy,Kevin Haliburn,Medium
2005,26.10.2020,Startup,Agivu,Wallis Shirlaw,High
1998,02.10.2020,Corporate,Buzzster,Lorain Garms,Low
1992,01.08.2020,Corporate,Kimia,Lorianne Mattholie,Low
1995,08.10.2020,Mid size,Zazio,Klara Yorath,Medium
2010,18.11.2020,Startup,Demivee,Ernst Storrock,Low
1993,30.10.2020,Corporate,Thoughtblab,Simonne Spawforth,Medium
1993,19.03.2020,Startup,Pixope,Ange Ingram,Low
2002,09.08.2020,Mid size,Viva,Tomas Rockall,Medium
2011,05.06.2020,Startup,Katz,Findlay Riches,Low
2009,01.09.2020,Corporate,Gabspot,Koralle Bodell,High
2006,23.04.2020,Mid size,Fivebridge,Antonella Bruno,High
1984,30.10.2020,Startup,Midel,Bruce Drayton,High
2010,21.10.2020,Mid size,Rhyloo,Hughie Griggs,Medium
2011,27.08.2020,Startup,Avavee,Hobard Manlow,Low
2002,15.07.2020,Corporate,Pixonyx,Charlotte Mangon,Medium
1990,18.03.2020,Startup,Fanoodle,Dill Havvock,Low
2002,28.07.2020,Startup,Photojam,Max Coushe,High
2000,17.09.2020,Startup,Yakidoo,Syd Coda,High
2000,25.04.2020,Mid size,Camido,Ailene Guard,Medium
1994,24.07.2020,Corporate,Wikibox,Mignonne Hawksley,High
1993,21.04.2020,Mid size,Skibox,Vevay Glassman,Low
2007,19.05.2020,Mid size,Zoonder,Spense Blaszczak,High
1992,28.05.2020,Mid size,Eayo,Odille Moralis,High
1999,27.06.2020,Startup,Oozz,Constancia Rajchert,High
2002,29.04.2020,Corporate,Skyvu,Moll Bluett,Medium
1993,24.03.2020,Corporate,Chatterbridge,Suzanna Petr,High
1962,23.08.2020,Mid size,Yakitri,Linet Skule,Medium
2003,18.11.2020,Corporate,Linkbuzz,Miof mela Ygou,High
1996,30.03.2020,Startup,Dabshots,Truman Falvey,Low
2002,13.04.2020,Mid size,Oyoba,Corly Barde,Low
2005,26.10.2020,Corporate,Agimba,Eloise Aberkirdo,High
2003,10.05.2020,Corporate,Zoomlounge,Valentia Luna,Low
1987,25.11.2020,Startup,Divanoodle,Pippa Jurick,High
2010,05.07.2020,Mid size,Zoomzone,Debee Ramard,Medium
2006,27.11.2020,Corporate,Plajo,Renell Uphill,High
1972,28.07.2020,Startup,Edgeify,Rhiamon Catlow,High
2003,16.05.2020,Startup,Thoughtmix,Allan Bourton,High
2006,09.09.2020,Mid size,Twiyo,Moss Preist,High
1992,13.03.2020,Mid size,Photobean,Phebe Shutt,Low
2000,30.04.2020,Startup,Kwinu,Morten Kubacek,Medium
2012,09.04.2020,Startup,Zoonoodle,Carling McLellan,Low
2012,28.07.2020,Startup,Zooxo,Neila Healks,High
2006,24.03.2020,Mid size,Eamia,Emylee Iveans,High
2000,19.10.2020,Startup,Topiczoom,Francklyn Sute,Low
2008,02.10.2020,Corporate,Skyba,Dorothy Pietrzyk,Low
2007,04.09.2020,Corporate,Vitz,Wilbert Holsall,High
2011,21.03.2020,Corporate,Pixoboo,Ralph Driuzzi,Medium
1995,20.11.2020,Corporate,Linkbridge,Augustine Bertolaccini,High
1993,29.09.2020,Startup,Gigazoom,Andonis Thomasson,Low
1999,31.07.2020,Mid size,Linklinks,Althea Stoving,Low
2011,01.08.2020,Corporate,Topicblab,Kahaleel Rakes,Medium
2004,11.06.2020,Corporate,Npath,Johna Petrowsky,Medium
2003,18.06.2020,Corporate,Bluezoom,Viki Yantsev,Low
2003,25.06.2020,Corporate,Roomm,Cecil Mattea,High
2009,02.04.2020,Corporate,Lazz,Jacinthe Matijevic,Low
1997,27.07.2020,Corporate,Blognation,Gustavo McInnes,Low
2012,20.07.2020,Corporate,Eimbee,Mollie Mulvany,Medium
1992,02.07.2020,Startup,Leenti,Jehanna Corbett,High
1992,06.03.2020,Corporate,Tambee,Burg Dewane,Low
2003,04.11.2020,Corporate,Flipstorm,Sasha Petigrew,Low
2004,17.05.2020,Corporate,Feedspan,Pauly Trippick,Medium
1994,01.06.2020,Startup,Mydo,Jessalin Habbert,High
1994,22.09.2020,Startup,Nlounge,Durand Bayfield,High
1998,12.05.2020,Corporate,Twitterbeat,Jone Eixenberger,Low
2010,27.06.2020,Mid size,Pixonyx,Jobyna Bratt,Medium
2006,19.05.2020,Mid size,Fadeo,Quentin Rust,Medium
1989,09.06.2020,Mid size,Dazzlesphere,Bobina Shallcross,High
2007,20.05.2020,Mid size,Photofeed,Cecil Melia,Medium
2002,14.09.2020,Mid size,Kazu,Morena Prewett,Low
1990,17.03.2020,Startup,Zooveo,Ivy Metzel,Low
1992,07.03.2020,Startup,Brainbox,Tisha Aldrich,Low
1994,13.09.2020,Startup,Kimia,Liesa Lorking,Low
2007,03.09.2020,Corporate,Katz,Ninon Dowse,High
2008,04.04.2020,Mid size,Meeveo,Bel Ditts,Medium
2007,19.07.2020,Startup,Dynabox,Sofia Feltham,Low
1996,10.07.2020,Startup,Ntag,Birk Barnhill,Medium
1995,12.10.2020,Corporate,Voonder,Billi Lycett,Low
1993,16.10.2020,Startup,Minyx,Celle Stanlike,High
1999,17.09.2020,Startup,Dabshots,Farris Borthe,High
2003,31.10.2020,Startup,Vinte,Katleen Betz,High
2003,10.09.2020,Mid size,Brainverse,Gerhardine Cohen,Medium
2006,11.08.2020,Mid size,Yakijo,Othilia Connick,Low
1987,25.07.2020,Mid size,Ozu,Hobie Parkyns,Low
2006,20.11.2020,Mid size,Izio,Chlo Darwen,High
1990,13.05.2020,Mid size,Tagcat,Gerald Pantone,Low
2007,17.11.2020,Startup,Livetube,Cybill Glasson,Low
1993,12.08.2020,Corporate,Skajo,Waylin Gaiford,Medium
2008,21.08.2020,Corporate,Kwilith,Nicoline Reneke,Medium
1997,05.11.2020,Corporate,Edgeblab,Shelley Beedon,High
1984,19.03.2020,Mid size,Yombu,Emili Emons,High
1996,05.09.2020,Mid size,BlogXS,Rafi Matterdace,Low
2003,31.10.2020,Startup,Brainverse,Wolfie Caldron,Medium
1998,18.03.2020,Corporate,Photospace,Fredia Burgoine,Low
2012,27.05.2020,Startup,Myworks,Zoe Sitlinton,Low
2000,06.11.2020,Mid size,Avamba,Jemmy Olufsen,Medium
1999,19.04.2020,Startup,Voomm,Craggie Dingate,High
1992,21.11.2020,Startup,Brightbean,Latisha Danser,High
2012,09.10.2020,Corporate,Thoughtworks,Giffie Zanini,Low
2008,13.06.2020,Mid size,Tazz,Lottie Leveret,Medium
2005,02.06.2020,Mid size,Zoovu,Bartlett Mobbs,High
2012,28.04.2020,Startup,Edgeblab,Doralin Blakeslee,Low
2012,08.03.2020,Startup,Eazzy,Valry Doy,High
2004,05.04.2020,Corporate,Oyoyo,Magdalena Paulson,Medium
2008,11.03.2020,Corporate,Jaxspan,Denny Sollas,Medium
2000,26.04.2020,Startup,Twimm,Dorolisa Parrin,High
1995,23.09.2020,Startup,Twitterworks,Carroll Pott,High
1990,05.07.2020,Mid size,Dynabox,Waldo Alker,High
1992,15.03.2020,Mid size,Einti,Shelley Koenen,High
1998,21.06.2020,Corporate,Oyoloo,Dav Bartaletti,High
2008,20.09.2020,Corporate,Kazu,Sol Ismirnioglou,Low
1989,14.08.2020,Mid size,Gabtune,Moore Toppin,Low
1997,13.06.2020,Mid size,Zoonder,Nelson Azema,High
2000,04.11.2020,Corporate,Viva,Franz Gunn,Medium
2007,16.11.2020,Startup,Edgeblab,Gunther McNair,Low
2010,26.10.2020,Startup,Tagcat,Sherlocke Luciano,Medium
1994,29.08.2020,Corporate,Linklinks,Gerty McCusker,Medium
2008,09.11.2020,Mid size,Feedfire,Adriana Carvill,Low
1995,18.06.2020,Mid size,Flipbug,Honey Stuart,Low
1998,16.04.2020,Startup,Quinu,Jenny Pardal,Medium
1993,28.10.2020,Startup,Trunyx,Gerianna Bockett,High
2004,22.08.2020,Mid size,Brainlounge,Haydon Runnalls,Medium
2008,23.09.2020,Startup,Edgewire,Vita Brinson,Medium
1995,31.07.2020,Corporate,Jaxbean,Terrill Ashingden,High
2009,24.10.2020,Mid size,Fadeo,Dew Klimek,High
1984,01.08.2020,Mid size,Skiba,Lisetta Mant,Low
2009,06.10.2020,Startup,Gigabox,Candra Lusher,High
2001,16.06.2020,Startup,Skilith,Janeen Haythornthwaite,Medium
1993,29.09.2020,Mid size,Lazz,Winnie Menezes,Low
1998,25.09.2020,Corporate,Jaloo,Ringo Denmead,High
2002,20.11.2020,Corporate,Wordify,Doti Berk,High
1997,13.06.2020,Mid size,Skalith,Robena Fulle,Low
1996,03.11.2020,Corporate,Edgewire,Carlene Van Saltsberg,High
2005,28.11.2020,Mid size,Photospace,Phillip Stanning,Low
1983,14.09.2020,Corporate,Quatz,Aldridge Loeber,Medium
2000,13.04.2020,Startup,Blogtag,Vivian Brealey,Medium
1992,06.09.2020,Corporate,Feedfire,Marjie Littlejohns,Medium
2011,12.11.2020,Startup,Twiyo,Travus Northcliffe,Medium
1990,07.05.2020,Corporate,Eire,Lon Myford,Medium
1987,14.07.2020,Corporate,LiveZ,Bailie Heigho,Low
1993,06.11.2020,Corporate,Youtags,Malcolm Thayre,High
2009,05.09.2020,Corporate,Aibox,Andree Frail,High
1988,19.08.2020,Startup,Npath,Innis Avent,Low
1999,17.08.2020,Corporate,Zoombeat,Modesty MacMakin,High
2007,16.06.2020,Mid size,Jetpulse,Kane Borgne,High
1999,30.08.2020,Startup,Pixonyx,Felita Heephy,Low
2000,12.11.2020,Mid size,Photojam,Aldrich Stopforth,Low
1996,13.09.2020,Corporate,Zoonoodle,Rikki Cicchelli,Medium
1993,14.05.2020,Startup,Izio,Moritz Janicijevic,Medium
2012,16.04.2020,Corporate,Tanoodle,Katey Izatt,High
2008,10.05.2020,Corporate,Twinder,Hyacintha Winward,Low
2006,19.06.2020,Corporate,Yadel,Maryellen Feria,Low
2008,22.06.2020,Corporate,Wikizz,Stanton Tatersale,High
1985,14.03.2020,Startup,Yambee,Tadeas Cockings,Medium
1996,02.09.2020,Startup,Roodel,Berton Andrioni,Medium
2012,03.10.2020,Startup,Oozz,Emlynn Randal,Low
1992,22.08.2020,Corporate,Mynte,Othilia Pinsent,Medium
2004,11.11.2020,Corporate,Zoomzone,Ashly Penman,High
2011,18.07.2020,Mid size,Eidel,Aimil McQuade,Medium
1985,29.08.2020,Corporate,Linktype,Evelyn Stealy,Low
1987,04.07.2020,Startup,Photobug,Neel Kasher,Low
2004,27.08.2020,Corporate,Flipopia,Krishna Goulder,Medium
1992,27.09.2020,Corporate,Skidoo,Raimund Tonbridge,High
2005,30.05.2020,Startup,Skyndu,Janek Hunnam,Medium
2004,23.07.2020,Corporate,Skynoodle,Abey Fice,High
1991,02.07.2020,Mid size,Geba,Keary Duffit,Medium
2008,07.03.2020,Startup,Cogilith,Peterus Full,Low
1979,24.09.2020,Startup,Edgeclub,Farly Hollow,Low
1998,08.09.2020,Corporate,Edgetag,Fedora Aspy,Low
1996,18.08.2020,Startup,Devshare,Annecorinne Pruce,Medium
2001,03.05.2020,Startup,Centizu,Jonah Morford,Low
2009,29.07.2020,Corporate,Rhynoodle,Arlie Punchard,High
2004,12.04.2020,Startup,Yoveo,Rosie Hattiff,Medium
2005,25.08.2020,Corporate,Edgeclub,Ardelle Bracegirdle,Medium
2012,21.11.2020,Mid size,Eidel,Marketa Bang,High
2006,29.07.2020,Startup,Thoughtblab,Chiquita Blackmore,Medium
2012,20.05.2020,Corporate,Topiclounge,Jemmie Olivier,High
2007,16.09.2020,Startup,Ntag,Adrienne Evenett,High
1993,14.07.2020,Startup,Reallinks,Sky Cayford,Low
2009,05.07.2020,Corporate,Browsezoom,Georgeanne Mallall,Low
2009,25.11.2020,Startup,Kwimbee,Arlin Cary,High
1998,31.08.2020,Mid size,Podcat,Justinian Clowsley,High
1993,05.05.2020,Startup,Mita,Lorraine Kilcullen,High
2006,01.05.2020,Mid size,Skipfire,Meggy Kibblewhite,Low
2011,13.06.2020,Mid size,Fadeo,Barbee Skeggs,Low
1994,24.04.2020,Corporate,Riffpedia,Charissa Lippi,High
2013,15.04.2020,Mid size,Zoomdog,Griffie Lancetter,High
2005,14.05.2020,Startup,Youspan,Sybyl Bickersteth,Low
2012,19.11.2020,Corporate,Tagopia,Barnabe Rosen,Medium
2009,15.05.2020,Corporate,Izio,Stinky Newburn,Low
1994,16.09.2020,Corporate,Fivechat,Kinny Balazot,Medium
2009,07.08.2020,Startup,Linkbridge,Rosabel Dreghorn,Medium
1989,11.08.2020,Startup,Buzzdog,Ave Sparks,High
1985,14.04.2020,Mid size,Jamia,Merwyn Grewar,High
2002,16.09.2020,Startup,Tagfeed,Kym Yushachkov,High
2012,29.06.2020,Corporate,Buzzbean,Sonia Bythell,Low
2012,22.11.2020,Mid size,Jabbercube,Ernest Hagstone,Low
1987,31.03.2020,Startup,Photospace,Alison Hacaud,Medium
2006,11.04.2020,Corporate,Twinte,Merrily Shevell,Low
1966,18.05.2020,Corporate,Photolist,Caty Naseby,Medium
1995,10.06.2020,Mid size,Wikivu,Packston Levison,High
2010,01.11.2020,Corporate,Dynazzy,Laura Guidini,Low
2007,16.05.2020,Mid size,BlogXS,Julee Hudson,Low
1997,28.10.2020,Startup,Livefish,Malory Baseggio,High
2012,20.07.2020,Mid size,Zoomdog,Lazar Douglas,Low
2004,25.09.2020,Startup,Skinder,Briney Goodlife,Low
2004,01.07.2020,Mid size,Meevee,Kalli Gash,High
1994,10.07.2020,Startup,Oyoloo,Muffin Geikie,High
2011,16.11.2020,Mid size,Feedmix,Liam Ind,High
1985,13.08.2020,Startup,Skynoodle,Westbrooke McComiskie,Medium
2002,24.03.2020,Mid size,Feedmix,Thedric Cahillane,Low
2009,12.11.2020,Corporate,Jabbertype,L;urette Maingot,Medium
2009,07.07.2020,Mid size,Flashset,Estevan Sedgefield,Medium
2004,22.03.2020,Startup,Skilith,Tobye Mac,Low
2001,21.07.2020,Mid size,Photojam,Ingamar Petley,High
2007,30.11.2020,Mid size,Wordware,Elenore Dreini,Low
1993,03.08.2020,Startup,Vidoo,Haley Burgill,High
1994,27.08.2020,Startup,Zooxo,Bonni Boothe,High
2012,07.06.2020,Corporate,Yata,Hillier MacGow,Medium
2011,22.08.2020,Corporate,Browsetype,Wynne Corking,Low
2003,21.09.2020,Mid size,Topicshots,Bertha Swadden,Low
1996,17.08.2020,Corporate,Topiclounge,Diann Penkethman,Low
1993,20.06.2020,Corporate,Thoughtstorm,Kim Hedon,High
2012,14.05.2020,Startup,Centidel,Bernhard Orneles,Low
2008,13.09.2020,Corporate,Oyoba,Berti Glynne,Medium
2006,19.09.2020,Corporate,Camimbo,Mordy Artois,Low
1993,28.09.2020,Mid size,Oyoloo,Moe Bradberry,Medium
2009,06.10.2020,Corporate,Dynava,Kacie Clempton,High
1994,18.04.2020,Corporate,Buzzbean,Izabel Curling,Medium
2003,09.08.2020,Corporate,Yacero,Beauregard Kroon,Medium
1995,15.07.2020,Startup,Yakijo,Rosalinde Shadbolt,Medium
2004,15.08.2020,Mid size,Divavu,Karney Petford,Low
2009,07.09.2020,Startup,Realmix,Robina Mattam,Medium
2001,23.10.2020,Mid size,Jaxbean,Betti Burren,High
2003,30.08.2020,Corporate,Feednation,Correy Micah,Low
1993,03.08.2020,Mid size,Leexo,Vilhelmina Lefley,Low
2000,24.04.2020,Mid size,Twinder,Annamaria Filippello,Low
1996,29.07.2020,Corporate,Yamia,Tine Sture,Low
1984,13.05.2020,Corporate,Cogilith,Lemmy Danielis,High
1996,12.11.2020,Mid size,Edgeclub,Basilius Eliesco,Medium
2012,07.07.2020,Startup,Centizu,Alfredo Panks,Low
1993,08.11.2020,Corporate,Skipstorm,Marina Tarrier,Low
2004,01.07.2020,Mid size,Yata,Bronny Toe,Low
1998,28.07.2020,Startup,Jetpulse,Rayshell Matthews,High
1995,18.09.2020,Mid size,Yodel,Fernanda De Micoli,Medium
2010,30.07.2020,Mid size,Linkbuzz,Ximenez Guillain,Medium
1995,25.07.2020,Startup,Brightbean,Alexander Sleightholm,High
2008,05.04.2020,Startup,Jetpulse,Eachelle Lembrick,Low
2008,10.04.2020,Mid size,Riffpath,Bartlet Moogan,Medium
1992,31.03.2020,Startup,LiveZ,Mile Paddefield,Medium
1993,29.04.2020,Corporate,Livetube,Park Frentz,Medium
2004,28.11.2020,Corporate,Oyoyo,Brandon Emberton,High
1996,19.03.2020,Startup,Topicshots,Natty Batch,Medium
2012,17.06.2020,Corporate,Feedspan,Bessie Alekseicik,Medium
1995,24.05.2020,Corporate,Brainverse,Udale O'Dea,Low
1984,03.10.2020,Corporate,Snaptags,Gregg Callam,Low
2003,01.06.2020,Corporate,Pixoboo,Angelo Mattson,Low
1986,04.07.2020,Corporate,Lazzy,Sibyl Khomin,Low
2004,18.05.2020,Startup,Mymm,Ainslie Garmey,Low
1998,08.06.2020,Corporate,Brainsphere,Thorndike Boerder,Medium
2007,26.09.2020,Mid size,Feednation,Tresa O'Shirine,Medium
1995,13.11.2020,Mid size,Skidoo,Nealy Ronaldson,Medium
1991,07.10.2020,Startup,Voonte,Krystalle Dulin,High
2000,12.11.2020,Mid size,Lajo,Merilyn Matyatin,Medium
1995,27.06.2020,Startup,Edgeblab,Joceline MacKean,High
1996,23.03.2020,Startup,Thoughtstorm,Marshal Tuckwell,Low
2006,01.11.2020,Mid size,Jayo,Lucky Bengle,High
2002,13.07.2020,Mid size,Kazu,Kissie Thing,High
1984,16.11.2020,Mid size,Thoughtmix,Saidee Daventry,Low
1989,23.08.2020,Mid size,Bubbletube,Drake Kohler,Low
2007,14.10.2020,Startup,Ntag,Analiese Palluschek,High
2004,09.05.2020,Corporate,Zoomlounge,Odessa Cratchley,Low
1992,19.03.2020,Corporate,Linklinks,Raeann Freear,Low
2003,08.04.2020,Mid size,Tagopia,Roderic Toping,Medium
2005,01.09.2020,Mid size,Dabjam,Iona Olek,High
1995,24.11.2020,Mid size,Yambee,Andrea Passion,Low
2002,11.04.2020,Corporate,Oloo,Jordain Windibank,Medium
1997,26.10.2020,Startup,Agivu,Lula McIlhagga,Medium
1993,09.08.2020,Corporate,Voonte,Morty Spawton,High
1991,26.10.2020,Corporate,Thoughtstorm,Kathleen Carmichael,Medium
1995,23.10.2020,Startup,Edgeify,Tracie Rudsdale,Low
1986,29.03.2020,Startup,Riffwire,Demetri Batch,Medium
1992,26.10.2020,Corporate,Thoughtbeat,De Volcker,High
1986,22.07.2020,Mid size,Jaxbean,Rozele Oneile,High
2003,18.08.2020,Corporate,Shuffledrive,Aggi Chelnam,High
1999,06.09.2020,Corporate,Mita,Angus Gladyer,Low
2012,13.11.2020,Corporate,Dynazzy,Ragnar Botright,Medium
1994,22.04.2020,Corporate,Snaptags,Annette Wasielewski,High
1991,21.11.2020,Mid size,Blogtags,Kalinda Sherewood,Low
2010,19.07.2020,Startup,Flipstorm,Chanda Semechik,High
2010,05.04.2020,Mid size,Tanoodle,Lynne Yong,High
1995,19.11.2020,Startup,Fatz,Almire Middlewick,High
2001,10.07.2020,Startup,Rhynoodle,Etta Danford,High
2008,10.11.2020,Startup,Thoughtbridge,Shirley Patington,Low
2003,12.03.2020,Corporate,Divavu,Eleonora Bamell,High
2001,01.07.2020,Mid size,Avavee,Bradford McMullen,High
2000,26.11.2020,Startup,Quimm,Garrik Lunge,Low
1957,30.08.2020,Corporate,Topiclounge,Raina Ridgedell,Medium
1997,13.07.2020,Corporate,Agivu,Tadd Amberson,Medium
1992,04.04.2020,Corporate,Yotz,Fionna Gatus,Low
1997,31.10.2020,Corporate,Flashset,Halsy Broseman,Low
2000,22.08.2020,Mid size,Teklist,Donnell Mackerness,Low
2002,01.09.2020,Corporate,Dabtype,Yvonne Pollok,Medium
2004,23.03.2020,Startup,Leexo,Shayne Euels,High
2002,30.10.2020,Mid size,Jayo,Augy Penfold,High
2012,11.04.2020,Startup,Feedfire,Marcelline Walles,High
1985,16.04.2020,Mid size,Dynava,Lishe Episcopio,High
2002,29.07.2020,Mid size,Flashspan,Paquito Harcombe,Medium
2009,24.07.2020,Mid size,Livepath,Dasya De Ruggero,Medium
2006,15.08.2020,Corporate,Dabfeed,Nikita Blasi,Medium
2007,10.08.2020,Mid size,Yodoo,Judd Marquez,High
2004,05.08.2020,Startup,Mynte,Syd Scorey,High
1993,01.10.2020,Mid size,Twimm,Allis Josupeit,High
2009,15.06.2020,Startup,Skyba,Emmanuel Brownsall,Medium
1998,04.07.2020,Startup,Twitterbeat,Lark Ivankovic,High
1993,25.11.2020,Startup,Geba,Correy Euston,Low
1994,06.06.2020,Corporate,BlogXS,Jennica Mingey,High
2005,03.08.2020,Mid size,Jaxbean,Ethel Pretti,High
2009,31.07.2020,Corporate,Gabspot,Hendrick Cranmore,Low
1993,12.08.2020,Corporate,Twitterbeat,Garry Gofton,High
1999,23.10.2020,Startup,Yodo,Hettie Trill,High
1998,22.04.2020,Startup,Cogibox,Randene Gocke,Medium
2000,06.03.2020,Corporate,Kamba,Amye Keysall,Low
2002,28.03.2020,Mid size,Riffwire,Mycah Trinbey,High
1991,03.04.2020,Startup,Zoonoodle,Sloan Zoane,Low
2000,20.03.2020,Startup,Gabtune,Sadella Lucy,High
2002,17.04.2020,Mid size,Edgeify,Edee Reary,High
1999,16.04.2020,Corporate,Dabvine,Alfonse Smallshaw,Low
1983,26.11.2020,Corporate,Trilith,Craggy Brittles,High
1994,18.07.2020,Mid size,Vitz,Page Handscombe,Medium
1998,20.03.2020,Startup,Buzzbean,Vivyan Kummerlowe,Low
1994,18.07.2020,Mid size,Thoughtworks,Almeta Yitzhakov,Medium
2001,29.11.2020,Corporate,Kimia,Sib Polotti,Low
2012,03.06.2020,Startup,Minyx,Merv Sollon,High
2010,17.03.2020,Corporate,Buzzshare,Tommy Berthouloume,High
2010,21.04.2020,Mid size,InnoZ,Boyce Adenet,High
2011,07.10.2020,Mid size,Gigazoom,Ekaterina Enoch,Low
1998,09.06.2020,Startup,Wordtune,Corena Richings,High
1999,27.08.2020,Corporate,Cogilith,Felice More,High
1995,05.05.2020,Startup,Demimbu,Carie Toseland,Medium
2007,22.08.2020,Startup,Tanoodle,Wynn World,Medium
1993,05.09.2020,Corporate,Skajo,Leila Byrnes,High
2010,14.07.2020,Mid size,Rhybox,Darcy Pusey,Low
1993,20.04.2020,Startup,Voomm,Shelley Scolli,Low
1996,11.09.2020,Startup,Voomm,Pavia Perrelli,Low
1993,08.10.2020,Startup,Dynabox,Jolyn Bernat,Medium
2002,13.08.2020,Corporate,Voonte,Jaquenetta Giraudoux,Low
2001,20.08.2020,Startup,Demizz,Randell Cornils,Low
1993,20.03.2020,Corporate,Bluejam,Mala Heersema,Low
2002,19.08.2020,Corporate,Eire,Jacintha Prowting,High
1997,09.04.2020,Corporate,Chatterbridge,Leia Seger,High
1987,19.10.2020,Startup,Dynabox,Melita Revans,Low
2008,14.04.2020,Corporate,Meezzy,Alfie Hegdonne,Low
2012,20.05.2020,Corporate,Vimbo,Clem Aleveque,Low
1985,03.03.2020,Mid size,Ailane,Frederica MacAlees,Low
2007,26.07.2020,Mid size,Vinte,Selestina Blake,Low
2001,30.11.2020,Corporate,Gabspot,Seamus Beedie,Low
2011,24.10.2020,Mid size,Twitterbridge,Wolfy Mayger,High
1993,27.09.2020,Corporate,Lazz,Yvette Drescher,Medium
2009,05.06.2020,Corporate,Demizz,Sharron Tink,High
2004,17.06.2020,Corporate,Ainyx,Gwendolyn Ettles,Low
1998,24.05.2020,Corporate,Izio,Ty Trewett,Medium
1999,04.05.2020,Corporate,Trilia,Rubetta Dunklee,Medium
2012,11.04.2020,Mid size,Centidel,Catharine Whitfield,Low
1999,01.04.2020,Startup,Quamba,Sharleen Swatland,Medium
2001,27.06.2020,Corporate,Livepath,Dorine Trembey,Low
2009,16.08.2020,Corporate,Zoomdog,Bondon Dyer,Low
1984,08.04.2020,Startup,Wikibox,Carmine Stenyng,Low
1992,14.07.2020,Startup,Avavee,Gabriel Suller,Low
2005,13.08.2020,Corporate,Tagpad,Else Rosenbloom,Low
1991,08.07.2020,Startup,Oyonder,Jule Isgar,Medium
1976,02.08.2020,Startup,Ailane,Diena Fonte,Medium
2002,23.05.2020,Startup,Livefish,August Tichner,High
2008,16.10.2020,Startup,Vitz,Patrice Drei,Low
2007,11.03.2020,Mid size,Riffpedia,Noland Cockarill,Medium
2006,05.03.2020,Startup,Wordpedia,Kearney Jozwik,High
1999,14.11.2020,Mid size,Livefish,Tristan Jellyman,Medium
2004,30.07.2020,Mid size,Pixoboo,Parry Tilley,Medium
2001,08.04.2020,Corporate,Riffpath,Lari Boud,Medium
2007,25.10.2020,Startup,Flipstorm,Cary Sidaway,High
1993,11.04.2020,Corporate,Reallinks,Evelina Cantrill,Medium
1993,17.03.2020,Mid size,Zoomcast,Karry Byron,Medium
2001,24.08.2020,Startup,Skynoodle,Malva Fairchild,High
1992,30.03.2020,Mid size,Pixoboo,Reine Walewicz,Medium
2011,07.07.2020,Mid size,Dynava,Dulcea Rogerson,Low
2000,20.06.2020,Corporate,Photolist,Goddart Metschke,Medium
2012,16.05.2020,Startup,Tagchat,Daryl Morden,Low
1995,18.09.2020,Corporate,Bubbletube,Dre Beat,Low
2002,23.05.2020,Corporate,DabZ,Frederica Purkiss,Low
1989,19.04.2020,Corporate,Twitterworks,Konstantine Zannetti,Medium
2007,23.10.2020,Mid size,Tagopia,Sallie Hammond,High
1965,16.03.2020,Startup,Feednation,Morrie Farrans,Low
2006,24.06.2020,Mid size,Realmix,Vivia Caldayrou,High
1999,01.09.2020,Corporate,Zoonder,Selie Bowdery,High
1997,30.09.2020,Corporate,Vipe,Georgina Batiste,High
1999,26.11.2020,Mid size,Feedfire,Ninette Stucksbury,Medium
2010,26.07.2020,Startup,Feednation,Adelaida Heelis,High
2008,10.09.2020,Corporate,Youopia,Meggy Ramplee,Low
1995,02.09.2020,Startup,Meetz,Hasheem Meach,Low
2011,06.07.2020,Mid size,Linktype,Melodee Ruddock,High
1996,11.10.2020,Corporate,Oba,Rosita Crossgrove,High
2010,09.08.2020,Mid size,Blognation,Earl Olivas,Medium
1989,03.07.2020,Corporate,Yakitri,Hannis Golden of Ireland,Medium
2010,27.10.2020,Corporate,Podcat,Paolina Arney,Medium
2004,26.10.2020,Corporate,Eidel,Itch Sarfat,Low
1993,25.06.2020,Corporate,Cogibox,Theresina Palphramand,Low
1992,13.06.2020,Mid size,Edgeclub,Irwinn Burless,High
1992,20.05.2020,Corporate,Blogtag,Renato Stambridge,Medium
1995,02.04.2020,Corporate,Mudo,Donaugh Breakspear,Medium
1995,21.08.2020,Corporate,Gigashots,Brita Dooler,Medium
2007,15.08.2020,Startup,Tagcat,Connie Klemencic,Medium
1998,24.07.2020,Corporate,Jaxnation,Bendix Fearneley,Medium
2000,08.05.2020,Mid size,Centidel,Archibold Bouda,Medium
1998,12.09.2020,Mid size,Bubblebox,Sonnie Embra,High
2002,06.07.2020,Corporate,Shufflester,Margret Viccars,Medium
1996,20.06.2020,Corporate,Youtags,Yettie Woolrich,Low
2010,13.08.2020,Corporate,Jayo,Zared Treadger,Medium
2008,20.10.2020,Startup,Jabberbean,Marleen Ebbitt,High
2011,29.11.2020,Startup,Zazio,Fraze Dumphries,Low
2008,04.10.2020,Startup,Flashpoint,Benoit Trevan,Low
2005,25.06.2020,Corporate,Podcat,Dniren Ungerechts,Low
1992,23.09.2020,Corporate,Vinder,Felisha Lydiate,Low
1995,11.03.2020,Startup,Vidoo,Yettie Filippyev,Low
2003,19.09.2020,Mid size,Thoughtsphere,Obidiah Tunnadine,Medium
2002,11.06.2020,Corporate,Browsetype,Deny Coppens,High
2005,22.08.2020,Mid size,Kwinu,Marcos Lumbly,Medium
2002,20.03.2020,Startup,Skiptube,Robby Roberti,Medium
1986,05.04.2020,Corporate,Jayo,Nolan McCague,Medium
2003,07.10.2020,Corporate,Dabtype,Yolanthe Malecky,High
2005,07.09.2020,Startup,Jaxnation,Nicolais Stoney,Medium
2001,14.09.2020,Startup,Lazzy,Heall Corssen,High
2012,07.09.2020,Corporate,Meembee,Regina Zold,Medium
2005,02.11.2020,Startup,Bubblemix,Norrie Chartman,Low
2003,28.11.2020,Mid size,Meejo,Veronique Grummitt,High
1995,21.08.2020,Corporate,Yata,Sally Klulik,Medium
2009,04.11.2020,Mid size,Latz,Rasia Dougal,Low
2000,28.05.2020,Corporate,Dazzlesphere,Denny Musla,Medium
2003,26.08.2020,Mid size,Topicstorm,Rowena Taffie,Medium
2006,30.05.2020,Mid size,Wordware,Tamqrah Mullane,Medium
2004,08.03.2020,Startup,Centidel,Auberon Lippitt,Medium
1998,17.04.2020,Startup,Quinu,Amandie Handley,Low
2009,15.05.2020,Startup,Brightdog,Celine Braunle,Medium
2010,10.07.2020,Startup,Youfeed,Ervin Canti,High
1990,12.10.2020,Corporate,Plambee,Elle Berthot,High
2011,25.03.2020,Corporate,Livetube,Gray Martynikhin,Low
2008,16.06.2020,Startup,Wordtune,Shirleen Stonhouse,Medium
2002,30.05.2020,Mid size,Skippad,Abba Estevez,High
1996,09.10.2020,Startup,Realfire,Cristin Dolligon,Medium
2009,30.08.2020,Corporate,Innotype,Goran Yersin,Medium
1955,26.06.2020,Startup,Buzzbean,Livvy Hazelden,High
1999,09.10.2020,Startup,Mydeo,Hakeem Oldroyde,Medium
2002,02.10.2020,Startup,Zoombeat,Artie Stennings,Low
2006,26.09.2020,Mid size,Quatz,Germain Selwood,Medium
2011,04.10.2020,Corporate,Buzzshare,Clo Cicchelli,Low
2007,05.09.2020,Mid size,Eayo,Orazio Roughsedge,Low
1998,11.03.2020,Mid size,Abata,Witty Metschke,Low
2013,15.04.2020,Corporate,Topicstorm,Gawain Kenway,High
2011,13.04.2020,Mid size,Topicware,Alva Bernth,Low
2001,07.05.2020,Mid size,Kare,Morganica Kerans,Medium
1997,29.08.2020,Mid size,Brightbean,Ofelia Labin,Medium
2009,04.10.2020,Corporate,Roomm,Yorgos Aubin,Medium
1993,11.06.2020,Startup,Gabspot,Lazare O'Loughlin,Low
2007,08.10.2020,Corporate,Einti,Murdock Klee,High
2008,27.05.2020,Mid size,Browsebug,Aubine Pointon,Low
2009,31.08.2020,Mid size,Lazzy,Natalina Sercombe,High
2001,18.05.2020,Corporate,Edgepulse,Nikolia Hazelhurst,Low
1994,15.06.2020,Startup,Yakitri,Mersey Sheppey,Medium
2008,03.07.2020,Mid size,Gabvine,Blane Layus,Medium
2000,16.05.2020,Mid size,Wikivu,Shayla MacCartney,High
2000,29.03.2020,Mid size,Aimbo,Sibyl Churching,Medium
2008,12.11.2020,Mid size,Feedbug,Germaine Camilli,High
1993,28.05.2020,Startup,Zoomlounge,Gilda Ferronel,High
2011,28.08.2020,Mid size,Layo,Hanni Tiley,Low
2009,06.06.2020,Corporate,Ailane,Rupert Ivakhno,High
1995,20.11.2020,Mid size,Wordpedia,Adolphe Gozzard,Low
1995,04.09.2020,Startup,Kare,Giustino Hodge,Medium
1995,19.08.2020,Corporate,Midel,Dom Fairest,Medium
1997,28.08.2020,Corporate,Realcube,Ezmeralda Goudge,High
1994,27.07.2020,Corporate,Gigaclub,Kit Bridges,Low
2010,25.10.2020,Corporate,Skiptube,Noe Jesse,Medium
1998,20.04.2020,Mid size,Aibox,Gayelord Ratt,High
1992,04.08.2020,Startup,Vipe,Israel Vale,High
1997,05.09.2020,Startup,Devify,Eileen Koppelmann,Medium
2008,09.06.2020,Mid size,Agimba,Emmaline Melbert,Low
2008,05.10.2020,Corporate,Teklist,Kerwinn Runcieman,Low
2000,05.07.2020,Corporate,Mydeo,Thedrick Smeuin,High
2006,01.09.2020,Corporate,Skimia,Jarrod Kuhle,High
2008,07.09.2020,Startup,Skyba,Kory Salmons,High
2006,17.10.2020,Mid size,Livetube,Teddie Martindale,Low
2000,22.09.2020,Mid size,Trupe,Sander Lingwood,High
1997,22.08.2020,Corporate,Abata,Phaidra Mewha,Medium
2001,20.04.2020,Corporate,Digitube,Syd Roger,Low
2004,09.11.2020,Corporate,DabZ,Dacy Johl,High
1995,21.03.2020,Corporate,Thoughtbridge,Aleta Farey,Medium
2007,15.10.2020,Startup,Tanoodle,Antone Amoss,Medium
2000,13.06.2020,Mid size,Meezzy,Harriett Treeby,Medium
1994,27.09.2020,Corporate,Dynava,Buddie Leander,Low
2008,06.11.2020,Mid size,Trupe,Hephzibah Frohock,Medium
1985,13.07.2020,Startup,Demivee,Ailee Humberstone,Low
2013,01.09.2020,Startup,Yambee,Elysia Stoak,High
2003,22.09.2020,Corporate,Ailane,Gerek Phippard,High
1993,24.08.2020,Corporate,Podcat,Zabrina Harburtson,High
2012,09.11.2020,Corporate,Jabbercube,Esta Snalham,Low
2003,21.04.2020,Startup,Wikido,Shayne Have,High
2000,07.11.2020,Mid size,Wordtune,Noelyn Espy,Medium
1993,30.08.2020,Corporate,Rhycero,Rosabelle Rozea,Low
2005,08.04.2020,Corporate,Riffpath,Randi Fevers,High
2012,03.10.2020,Mid size,Realbuzz,Jacquette Grocock,High
1992,27.09.2020,Mid size,Brainlounge,Sisely Klammt,Medium
2012,30.06.2020,Mid size,Babbleblab,Brandyn Greenig,Medium
2010,02.05.2020,Startup,Youspan,Patience Lerner,Medium
1999,10.06.2020,Mid size,Roombo,Querida Leathwood,Low
2008,11.07.2020,Corporate,Pixoboo,Farrell Hoodspeth,Low
1992,12.03.2020,Corporate,Leexo,Colman Moberley,Medium
2000,15.06.2020,Corporate,Dynazzy,Agnola Eddisforth,Medium
1995,21.08.2020,Mid size,Camido,Fabio Bansal,High
1995,24.07.2020,Startup,Dynabox,Zenia Benkhe,High
2011,24.03.2020,Startup,Zooxo,Mallory Craydon,Medium
2004,30.05.2020,Mid size,Skippad,Goldi Braemer,Low
1997,24.09.2020,Mid size,Gabtune,Perkin Harme,Low
1990,19.06.2020,Startup,Fadeo,Erv Anyene,Low
2001,08.06.2020,Mid size,Feedbug,Lloyd Bumphries,Medium
1998,10.08.2020,Startup,Tavu,Cassius Balaison,Low
2004,18.04.2020,Startup,Yombu,Dino Vasilechko,High
1988,19.05.2020,Mid size,Skynoodle,Pierre Gouck,High
1999,20.09.2020,Startup,Eazzy,Hollie Outibridge,Low
2003,13.08.2020,Mid size,Quatz,Merrick Benyan,High
1998,05.09.2020,Mid size,Jaxworks,Breena Ferron,Low
1994,07.06.2020,Corporate,Eimbee,Jobie Brann,High
1993,06.11.2020,Mid size,Devcast,Decca Kohring,Medium
2012,26.09.2020,Corporate,Voonix,Laurianne Illsley,High
2005,13.09.2020,Mid size,Fadeo,Nydia MattiCCI,Medium
2006,14.04.2020,Startup,Lazzy,Nikki Eger,Low
2009,11.03.2020,Mid size,Skinte,Rena Soppett,High
1995,19.03.2020,Corporate,Fivebridge,Claudelle Abbett,High
1993,17.04.2020,Corporate,Topicshots,Tiffie Fidgeon,Low
1996,13.10.2020,Mid size,Eazzy,Bruno Morphey,Medium
1992,09.06.2020,Corporate,Skalith,Fredelia Sheaber,Low
2001,08.10.2020,Startup,Leexo,Daphna Enser,Medium
2005,27.04.2020,Startup,Devcast,Udale Barnewall,Medium
1996,18.05.2020,Startup,Dynava,Darius Speer,Medium
1992,08.07.2020,Startup,Gabspot,Dukey Cargon,High
1986,18.03.2020,Startup,Trunyx,Stephanie Chetwind,Medium
1994,24.08.2020,Mid size,LiveZ,Alvie Pitchford,High
2006,13.04.2020,Mid size,Oyoloo,Eran Parram,Medium
1991,02.07.2020,Startup,Kayveo,Nollie Roney,High
2003,01.05.2020,Mid size,Vinte,Maxim Krysztofiak,High
1995,13.07.2020,Mid size,Kaymbo,Arabela Manby,Medium
1993,13.08.2020,Corporate,Zava,Madelena Discombe,High
2006,17.06.2020,Mid size,Dynabox,Gipsy Werrett,Medium
1993,13.10.2020,Corporate,Quimba,Ashlin Haydney,Low
2010,28.03.2020,Corporate,Rhynyx,Susie Bacchus,High
1986,07.05.2020,Corporate,Meevee,Lennie Pigney,Low
1989,07.07.2020,Corporate,Viva,Hersch Ferran,Medium
2008,18.06.2020,Corporate,Babbleset,Frederick Santry,Low
2003,08.04.2020,Mid size,Yata,Gillan de Mullett,Medium
1999,30.04.2020,Startup,Feedmix,Beryl Broxis,Low
1994,06.03.2020,Corporate,Ntags,Kyla Leivers,High
1991,16.04.2020,Startup,Twitternation,Palm Marrion,Medium
1978,07.10.2020,Mid size,Mita,Albie Peters,Medium
2012,11.04.2020,Startup,Wikizz,Ronny O'Hagerty,Medium
1994,10.09.2020,Startup,Bluezoom,Timothy Ditter,Low
2013,19.06.2020,Startup,Rhynoodle,Beryl de Courcey,Low
2011,13.07.2020,Mid size,Omba,Alfonso Malimoe,Low
1997,05.09.2020,Startup,Skibox,Idell Sculpher,Low
1994,26.07.2020,Startup,Realcube,Nickolas O'Kynsillaghe,High
1997,12.05.2020,Startup,Yakidoo,Hodge Keedwell,High
1987,20.07.2020,Corporate,Meejo,Sherline Abelovitz,High
2004,17.06.2020,Startup,Oyoloo,Bail Housiaux,High
1994,31.10.2020,Corporate,Quamba,Yehudi Knutton,Low
1998,08.10.2020,Mid size,Tagpad,Abraham Ratnege,High
2012,11.08.2020,Mid size,Kayveo,Nestor Loutheane,High
1993,18.11.2020,Startup,Blogtag,Filbert Kulicke,Medium
2011,22.06.2020,Startup,Miboo,Terry Bloore,High
2011,02.10.2020,Mid size,Centizu,Waylin Hellicar,High
1993,12.05.2020,Corporate,Kayveo,Belva Fathers,Medium
2012,28.05.2020,Corporate,Twitterwire,Win Stute,Low
2007,03.11.2020,Startup,Mycat,Anissa Matelyunas,High
2001,20.08.2020,Corporate,Myworks,Jodi Ewell,Low
2002,24.04.2020,Corporate,Gabspot,Ashia Sauvan,Low
1994,21.10.2020,Corporate,Edgeify,Miranda Baumaier,High
1996,16.05.2020,Corporate,Linkbuzz,Estell Wearn,High
2011,27.10.2020,Mid size,Blogtags,Arny Chinge de Hals,Medium
2002,22.09.2020,Mid size,Chatterbridge,Sharlene Douglass,High
2008,12.10.2020,Startup,Gabvine,Virginie Tilston,High
1993,25.08.2020,Startup,Blogtag,Quincy Bosomworth,Low
1986,22.07.2020,Corporate,Feedbug,Batholomew Ferenc,High
2003,15.03.2020,Corporate,Tagcat,Hermon Mapis,Low
2000,20.03.2020,Mid size,Photospace,Sheilah Doumer,Medium
2011,05.04.2020,Corporate,Quatz,Bernhard Trahar,High
2007,31.05.2020,Startup,Tagchat,Sharleen Lloyd,High
2012,30.08.2020,Mid size,Blogtags,Lula Everitt,High
2004,04.05.2020,Mid size,Thoughtbeat,Neron Lindwall,Medium
2002,27.06.2020,Startup,Cogilith,Rudiger Titman,Medium
2003,11.11.2020,Mid size,Twitternation,Maribel Barringer,Low
1991,19.07.2020,Mid size,Agivu,Gerrilee Bestall,Medium
2011,17.08.2020,Mid size,Minyx,Nariko Whitford,High
1989,20.05.2020,Corporate,Riffwire,Minni Davidesco,High
1999,02.11.2020,Startup,Skynoodle,Marney Brockman,High
2011,20.10.2020,Startup,Talane,Clerc Klamman,High
1992,06.08.2020,Corporate,Demimbu,Carmon Manginot,High
2012,06.03.2020,Corporate,Oyope,Candra Luckwell,Low
2004,23.10.2020,Corporate,Youspan,Von Rohlfing,High
1996,01.07.2020,Mid size,Buzzster,Bessy Dunican,High
2010,02.10.2020,Startup,Shuffletag,Sharline Pittwood,High
2011,18.08.2020,Corporate,Mydo,Ardenia Carlow,Low
1994,22.11.2020,Corporate,Agivu,Adiana Bromehead,Low
1994,05.11.2020,Mid size,Pixope,Kattie McNeish,Medium
1992,26.09.2020,Corporate,Blogtags,Quint Slopier,High
2006,17.09.2020,Mid size,Realfire,Nickolas Butterwick,High
2005,24.04.2020,Startup,Photojam,Cross Crate,Medium
2006,29.04.2020,Mid size,Voomm,Niven Marco,Low
1983,22.04.2020,Corporate,Linkbuzz,Charissa Bristoe,High
2001,29.03.2020,Corporate,Quamba,Bernardo Melarkey,Medium
2012,11.06.2020,Mid size,Edgeify,Ernesto Lloyds,Medium
2002,29.03.2020,Corporate,Topicware,Ortensia Conan,High
1984,21.05.2020,Corporate,Aimbu,Terry Skyrme,High
1987,06.11.2020,Startup,Dabvine,Brynne Nani,High
1995,13.10.2020,Mid size,Dynabox,Giuseppe Tunna,High
2008,20.05.2020,Corporate,Edgewire,Davon Alibone,Medium
1989,25.09.2020,Corporate,Jayo,Fae Bortoli,High
1991,29.06.2020,Corporate,Izio,Rip Kitchinghan,High
2008,18.08.2020,Mid size,Bluezoom,Catherin Shills,High
2004,17.04.2020,Mid size,Divape,Salim Dinse,Low
2004,03.08.2020,Corporate,Feedfire,Laurice Spratt,Low
2002,24.03.2020,Mid size,Feedspan,Maryellen Etherington,Low
2003,10.07.2020,Mid size,Wikibox,Torey Pepper,Low
2003,20.07.2020,Corporate,Dazzlesphere,Simeon Drynan,Medium
1996,24.07.2020,Mid size,Buzzbean,Margret Vittle,Low
2000,29.07.2020,Mid size,Rhynoodle,Brendan Pittaway,Medium
2007,26.04.2020,Mid size,Eabox,Ferdy Hildrew,Medium
1997,10.05.2020,Mid size,Pixoboo,Afton Howselee,Medium
1992,18.09.2020,Startup,Devcast,Alysa Matz,Low
1992,09.09.2020,Mid size,Fatz,Ariela Bollon,Medium
2003,01.08.2020,Corporate,Mycat,Bartolomeo Rusbridge,Low
2000,06.05.2020,Startup,Brainbox,Enid Godin,Low
2000,26.08.2020,Mid size,Quimm,Kristofer Oubridge,Low
2011,25.03.2020,Corporate,Flashset,Atlante Fivey,Medium
2010,08.07.2020,Corporate,Zooxo,Philis Marshallsay,High
2003,30.07.2020,Startup,Chatterbridge,Lacie Deeming,High
2006,05.10.2020,Startup,Thoughtbeat,Antonella Cotterel,Medium
2009,21.04.2020,Startup,Vitz,Agnola Leverton,Low
2004,20.03.2020,Corporate,Abatz,Shay Virgo,Low
2009,27.06.2020,Startup,Oozz,Jordan Denerley,Low
2002,27.09.2020,Startup,Yakidoo,Cassey Boarer,Medium
1998,16.05.2020,Corporate,BlogXS,Ursa Cooling,Medium
2000,04.10.2020,Mid size,Browseblab,Leeland Kenrack,High
2002,24.03.2020,Startup,Kare,Seymour Glanfield,High
1993,11.03.2020,Corporate,Thoughtstorm,Trixie Di Lucia,High
1994,19.11.2020,Startup,Mynte,Dalt Reimer,Medium
2002,22.11.2020,Startup,Voomm,Heindrick Devitt,High
1987,13.03.2020,Mid size,Vimbo,Stephen Darbey,Medium
2001,25.05.2020,Mid size,Kayveo,Giselbert Benech,Medium
1986,10.08.2020,Startup,Zooveo,Jackelyn Saltern,Low
2011,10.11.2020,Startup,Blogtag,Bibbie Brum,Low
1962,22.09.2020,Startup,Mynte,Sterne Marklow,High
2012,11.06.2020,Startup,Ainyx,Gayle Schwandner,Medium
2010,12.11.2020,Corporate,Dynabox,Karel Samwell,Medium
1995,26.04.2020,Startup,Wikivu,Hedvige Ochiltree,Medium
2006,30.06.2020,Corporate,Linklinks,Hoebart Siggery,Low
2011,05.03.2020,Startup,Jaloo,Mollie Likely,Medium
2006,21.11.2020,Mid size,Buzzster,Roy Popworth,Medium
1994,30.10.2020,Corporate,Flashdog,Tiffani Fryer,Medium
2010,31.03.2020,Startup,Edgetag,Marillin Kristufek,Low
2001,11.06.2020,Mid size,Eidel,Zachariah McLoney,Medium
2012,11.11.2020,Mid size,Photojam,Cleopatra Gould,Medium
2001,10.07.2020,Startup,Einti,Alastair Poure,Low
1999,12.06.2020,Startup,Npath,Woody Curd,Medium
2011,21.04.2020,Startup,Skidoo,Iosep Lilleyman,High
2004,18.07.2020,Corporate,Avavee,Godart Reynard,Medium
2011,05.04.2020,Corporate,Leenti,Beniamino Yallop,Low
1997,19.08.2020,Startup,Zooveo,Sid Shalloo,Medium
2004,16.09.2020,Corporate,Avaveo,Woodrow Albury,High
1999,08.03.2020,Corporate,Edgeblab,Biddy Blackmoor,Medium
1994,03.05.2020,Startup,Fliptune,Lesly Fasset,High
2006,01.06.2020,Mid size,Buzzster,Nani Vassel,Medium
1965,15.11.2020,Startup,Eabox,Isadore Farlowe,High
1992,19.09.2020,Startup,Babbleopia,Philip McComiskie,High
1995,19.11.2020,Startup,Zazio,Rory Byrne,Low
2001,01.04.2020,Startup,Skibox,Larine Glavis,Low
2002,18.08.2020,Corporate,Trudoo,Lolly Ervin,High
2004,16.11.2020,Mid size,Quamba,Oralla Ducker,Low
1986,13.04.2020,Corporate,Ntags,Tabby Hovee,Low
2009,11.04.2020,Corporate,Zoonder,Rivy Gaggen,Low
2000,20.07.2020,Startup,Innojam,Sly Kenforth,Low
2001,17.11.2020,Mid size,Gabcube,Evangelia Coard,Medium
2006,08.04.2020,Startup,Topicstorm,Keefer Lampert,Low
2008,15.06.2020,Mid size,Eabox,Hardy Betje,High
1992,22.11.2020,Startup,Katz,Neilla Cardello,Low
2010,30.03.2020,Mid size,Skajo,Arte Matchett,Low
2012,14.08.2020,Startup,Mycat,Rosabelle Lindenbluth,Medium
1995,20.07.2020,Mid size,Yombu,Betty Trewartha,High
2000,12.04.2020,Mid size,Quatz,Noelle Abrahamoff,High
2011,09.07.2020,Startup,Roomm,Gwenore Screech,High
2005,07.04.2020,Startup,Aivee,Hercule Spradbery,Low
2000,01.08.2020,Startup,Mynte,Sammy Antognetti,Medium
1999,10.08.2020,Startup,Edgeblab,Doti Jojic,High
2009,23.10.2020,Corporate,Yodoo,Holden Brevetor,Medium
1996,15.04.2020,Mid size,Gabtype,Ervin Godsell,Medium
2007,19.11.2020,Startup,Jaxbean,Dominik Daudray,Medium
1995,01.05.2020,Mid size,Yoveo,Skip Illsley,Low
2006,09.04.2020,Corporate,Tazz,Shaylah Woodyear,High
2002,31.07.2020,Mid size,Twitterbridge,Regina Yoxen,Low
2007,31.05.2020,Mid size,Zoozzy,Yorgos Grazier,Medium
2007,21.09.2020,Mid size,Fanoodle,Delia Petchell,High
2011,12.11.2020,Corporate,Roomm,Gregory Coleborn,High
2009,01.10.2020,Corporate,Thoughtblab,Harold Houseman,High
1988,09.05.2020,Mid size,Dabtype,Burk Cannicott,Low
1984,06.08.2020,Corporate,Jabbersphere,Reeba Costi,Medium
2008,30.05.2020,Mid size,Zoonder,Freedman Sinkins,Low
1989,14.11.2020,Corporate,Voonix,Leigh Ahmad,High
2000,19.10.2020,Mid size,Photolist,Gail Macieiczyk,Low
1990,15.04.2020,Startup,Skyvu,Nicky Wanklyn,Low
1999,25.09.2020,Corporate,Camimbo,Madlin Janoschek,High
1986,27.08.2020,Corporate,Livepath,Lorrie Rivel,High
2002,21.05.2020,Mid size,Fivespan,Fanny Fine,Low
2012,23.05.2020,Mid size,Thoughtsphere,Laetitia Rolin,High
2011,10.08.2020,Startup,Photospace,Valentijn Adamthwaite,High
1998,16.05.2020,Corporate,Fivespan,Wes Mulvy,High
2012,16.07.2020,Mid size,Skivee,Alwyn Noble,High
2009,26.11.2020,Startup,Jetwire,Moria Kilford,Low
1994,09.06.2020,Corporate,Einti,Stormy Counter,Medium
2009,09.11.2020,Mid size,Eidel,Sherill Kirsche,High
2001,24.05.2020,Startup,Dablist,Wallis Keuneke,High
2002,01.11.2020,Mid size,Tazzy,Demeter MacBain,High
2012,12.09.2020,Corporate,Mymm,Anet Espley,High
2009,17.07.2020,Corporate,Podcat,Courtnay Bere,High
1998,14.06.2020,Startup,Brainbox,Jeremias Annets,High
2009,20.05.2020,Corporate,Eazzy,Tudor Darree,Low
2006,30.09.2020,Mid size,Agivu,Geno Upshall,High
2001,18.09.2020,Startup,Jayo,Staci Sigg,Medium
1988,08.09.2020,Mid size,Photobean,Laney Towell,High
2004,29.11.2020,Corporate,Skiba,Bethany Maydwell,High
2005,18.10.2020,Corporate,Shufflester,Ned Rablan,Low
2008,18.03.2020,Startup,Kayveo,Salli Crewther,Medium
1990,08.10.2020,Corporate,Oodoo,Jane Carmel,Medium
2002,23.07.2020,Startup,Livepath,Grier Barfield,Low
1985,28.09.2020,Corporate,Bubbletube,Sergent Johnigan,Medium
1990,14.11.2020,Mid size,Babbleopia,Rosco Symes,Low
2008,21.10.2020,Mid size,Ooba,Jaye Featonby,High
2012,08.11.2020,Mid size,Rhynoodle,Algernon Petrasch,Low
1996,20.03.2020,Mid size,Meemm,Rozelle Craufurd,Low
2009,21.10.2020,Startup,Jabbertype,Milton Huntington,Medium
1993,06.07.2020,Startup,Ntags,Jard Probetts,High
2011,14.07.2020,Mid size,Tagopia,Nickolaus Collibear,Medium
1997,10.07.2020,Corporate,Yamia,Sherwynd Attwood,High
2012,25.05.2020,Startup,Yamia,Minna Gommowe,Medium
1999,21.07.2020,Startup,Wordpedia,Angelo Lofting,Low
2004,09.06.2020,Mid size,Thoughtbeat,Chelsea Hirche,High
1996,23.09.2020,Mid size,Lazz,Saw Smewing,Medium
1986,24.07.2020,Startup,Aimbu,Hamel Truin,Low
1993,14.06.2020,Mid size,Lajo,Arluene Bing,Medium
2004,22.03.2020,Mid size,Tekfly,Pail Limbourne,Medium
1995,26.09.2020,Mid size,Wikivu,Heindrick Rego,Medium
2006,21.07.2020,Startup,Twimbo,Kippar Normanvell,Low
1985,25.11.2020,Mid size,Divanoodle,Nichole Brithman,Low
1998,21.07.2020,Mid size,Bubbletube,Mark Harmson,High
2010,15.06.2020,Startup,Roodel,Sula Eastman,Medium
1992,04.07.2020,Mid size,Gabspot,Hubert Jeschner,Low
2010,04.03.2020,Corporate,Vinte,Sande Bangiard,High
2007,20.04.2020,Mid size,Tanoodle,Merrill Twiggs,High
2013,09.11.2020,Corporate,Nlounge,Goran Beesey,High
2002,27.09.2020,Corporate,Eadel,Elvera Annell,High
2005,05.08.2020,Startup,Flashspan,Pearle Righy,Low
2004,28.04.2020,Corporate,Lazzy,Gregoor Beaulieu,High
2009,30.09.2020,Startup,Thoughtworks,Yulma Morfey,Medium
2012,16.06.2020,Corporate,Oyoloo,Grayce Luxen,Low
2003,30.06.2020,Mid size,Edgeify,Arny Rockliffe,Medium
2004,08.04.2020,Startup,Devpoint,Fletcher McAloren,High
2010,24.05.2020,Mid size,Linkbridge,Ellissa Rawnsley,High
1976,17.04.2020,Startup,Feednation,Shayla Troth,High
1995,16.07.2020,Corporate,Yombu,Hernando MacCallester,Low
2011,30.09.2020,Mid size,Feedfish,Berkly Habershon,Low
2002,01.08.2020,Corporate,Omba,Jonathon Riddett,Low
2003,16.08.2020,Startup,Topicblab,Clotilda Longstreeth,High
2008,19.05.2020,Corporate,Bluezoom,Shanna Saipy,Medium
1975,25.11.2020,Corporate,Dynava,Chen Rounsefell,High
2002,23.03.2020,Corporate,Thoughtstorm,Erinn Doumerc,High
2010,20.09.2020,Corporate,Rhycero,Hill Cuthill,High
1989,16.07.2020,Mid size,Midel,Lorianna Brettor,High
2010,06.11.2020,Startup,Edgeify,Kristoffer Dunridge,Low
2005,04.03.2020,Mid size,Meejo,Leah Burroughes,Medium
1992,10.09.2020,Mid size,Cogibox,Augusto Blissitt,Medium
2004,14.04.2020,Startup,Oyoyo,Patricia Rewcastle,Low
2008,04.10.2020,Corporate,Leexo,Wilone Illesley,Low
2009,09.05.2020,Startup,Yakijo,Ethelin Bortolussi,High
1996,30.07.2020,Mid size,Thoughtsphere,Willis Merrett,Low
1993,09.08.2020,Corporate,Voomm,Alexandr Baptie,High
2008,31.10.2020,Corporate,Thoughtbeat,Shirlene Wolfendale,High
1993,23.09.2020,Mid size,Zoonder,Dexter Lurriman,Low
2012,21.04.2020,Mid size,Livefish,Kassandra Whaplington,Medium
2007,10.07.2020,Mid size,Rooxo,Kari Newiss,Low
2004,26.06.2020,Startup,Jabbersphere,Jobyna Amorine,Medium
2009,20.03.2020,Mid size,Feedspan,Chaunce Corless,Medium
1995,08.06.2020,Mid size,Dabvine,Bern Ismead,Medium
2001,22.10.2020,Corporate,Pixoboo,Jodi Pitcaithley,Low
2003,17.07.2020,Startup,Avamba,Silvia Heffer,High
1995,23.09.2020,Mid size,Oyoba,Clerissa Farnell,High
2004,06.07.2020,Startup,Kwideo,L;urette Gaunson,Low
2005,11.10.2020,Startup,Feedbug,Dorolisa Mogg,Low
2012,09.03.2020,Startup,Mynte,Debby Ellerey,Low
2003,12.07.2020,Mid size,Yodoo,Petey Macklin,Low
2005,30.05.2020,Startup,Skinte,Tabby Youngman,Medium
2000,28.06.2020,Mid size,Blogtag,Tuckie Ashforth,Medium
2000,26.08.2020,Startup,Rhynoodle,Dulcie Jayume,Low
1986,15.11.2020,Startup,Aibox,Clevey Albone,Medium
2013,21.03.2020,Corporate,Flipbug,Jolene Bernaert,Low
2006,30.06.2020,Corporate,Kayveo,Calla Britten,Medium
1995,03.09.2020,Startup,Fivespan,Evy Gunson,Low
1997,23.09.2020,Startup,Bubbletube,Malinda Chilvers,Medium
2003,19.08.2020,Startup,Devbug,Janeen Browett,High
2000,16.10.2020,Corporate,Rhynyx,Norine Janaszkiewicz,High
2012,20.10.2020,Mid size,Divavu,Gena Voak,Low
2006,24.11.2020,Startup,Zoozzy,Enid Koppe,Medium
2007,06.11.2020,Startup,Dynazzy,Aldrich Stranio,Low
2012,08.09.2020,Startup,Edgeclub,Yovonnda Osinin,High
1998,29.06.2020,Corporate,Buzzdog,Pasquale Eddleston,Low
1990,18.10.2020,Corporate,Feedspan,Enid Arnaudet,High
2006,01.08.2020,Mid size,Oodoo,Ailey Street,Low
2010,06.06.2020,Startup,Yakitri,Evy Mathiassen,Medium
1999,25.07.2020,Startup,Skinder,Natala Christofol,Low
1999,28.06.2020,Startup,Ntag,Crichton Guerrazzi,Medium
2010,22.05.2020,Mid size,Dynabox,Maridel Tolotti,High
2004,04.05.2020,Startup,Voonyx,Lindi Fearenside,High
2008,05.04.2020,Corporate,Jabbersphere,Karol Causon,Low
2004,18.11.2020,Startup,Miboo,Sashenka Dabels,Low
2009,27.11.2020,Startup,Tagfeed,Jacki Pereira,Low
2000,02.10.2020,Startup,Zava,Julio Corke,Low
2007,04.06.2020,Mid size,Yombu,Bernard Glassard,Medium
2006,26.06.2020,Corporate,Minyx,Rob Handrok,Medium
1988,31.10.2020,Corporate,Jabbersphere,Leigh Olivas,Low
2004,07.06.2020,Startup,Shufflebeat,Hallsy Spriggin,High
2008,27.08.2020,Mid size,Gabtype,Valle Pevreal,Low
1998,04.03.2020,Corporate,Twimm,Findlay Lowes,Low
2007,17.06.2020,Corporate,Browsedrive,Freddy Such,High
2012,16.09.2020,Mid size,Feedspan,Nanete Gammett,Medium
1994,04.03.2020,Mid size,Browseblab,Rheta Reiner,Low
2007,14.10.2020,Startup,Aibox,Guthrie Scrauniage,High
1989,22.09.2020,Mid size,Vitz,Sloan Jeeks,Low
2010,22.05.2020,Startup,Photobug,Nesta Jahn,High
2012,21.03.2020,Mid size,Youfeed,Helga Batter,High
2013,12.03.2020,Corporate,Kazu,Meir Probat,Low
2004,02.05.2020,Corporate,Rhynoodle,Mary Moyser,Low
2012,17.04.2020,Startup,Fliptune,Veda Dows,High
2009,11.08.2020,Corporate,Photolist,Ricki Josling,High
2010,23.05.2020,Mid size,Jaxnation,Sayre Rushford,Medium
2001,16.06.2020,Startup,Jaxnation,Karie Beaves,Low
2004,31.07.2020,Mid size,Blogpad,Poppy Maslin,Medium
2003,21.06.2020,Mid size,Ainyx,Tersina Donoher,Medium
2000,15.03.2020,Mid size,Twitterbridge,Lezley Gowdy,High
2008,13.11.2020,Startup,Cogilith,Abramo Narey,Medium
2012,15.11.2020,Startup,Vinte,Corabelle Martijn,Low
2009,09.05.2020,Startup,Quamba,Ethelyn Wharfe,Medium
1987,17.11.2020,Startup,Meevee,Lester Gutridge,Medium
2003,20.09.2020,Corporate,Thoughtworks,Gerty Martinovsky,Medium
2012,23.07.2020,Corporate,Teklist,Benji Hylden,Medium
1996,23.05.2020,Startup,Kazio,Valida Rosevear,Low